# Add complete words here as misspelling:correct followed by a TAB and the
# weight:
mân:mâna	1
êkos:êkosi	1
êkw:êkwa	1
is:isi	1
îs:isi	1
moya:namôya	1
moy:namôya	1
môya:namôya	1
môy:namôya	1
# Extraction of +Err/Orth words from particles.lexc
asic:asici	1
cikêmô:cikêmâ	1
cikemo:cikêmâ	1
cêskw:cêskwa	1
ceskw:cêskwa	1
cîk:cîki	1
cik:cîki	1
iskw:iskwa	1
konic:konita	1
konit:konita	1
kâw:kâwi	1
kaw:kâwi	1
kêkisêpâ:kîkisêpâ	1
kekisepa:kîkisêpâ	1
kêkâcayinânêmitanaw:kêkâc-ayinânêmitanaw	1
kekacayinanemitanaw:kêkâc-ayinânêmitanaw	1
kêkâckêkâmitâtahtomitanaw:kêkâc-kêkâ-mitâtahtomitanaw	1
kekackekamitatahtomitanaw:kêkâc-kêkâ-mitâtahtomitanaw	1
kêkâcmitâtaht:kêkâc-mitâtaht	1
kekacmitataht:kêkâc-mitâtaht	1
kêkâcmitâtahtomitanaw:kêkâc-mitâtahtomitanaw	1
kekacmitatahtomitanaw:kêkâc-mitâtahtomitanaw	1
kêkâcnikotwâsomitanaw:kêkâc-nikotwâsomitanaw	1
kekacnikotwasomitanaw:kêkâc-nikotwâsomitanaw	1
kêkâcnistomitanaw:kêkâc-nistomitanaw	1
kekacnistomitanaw:kêkâc-nistomitanaw	1
kêkâcniyânanomitanaw:kêkâc-niyânanomitanaw	1
kekacniyananomitanaw:kêkâc-niyânanomitanaw	1
kêkâcnêmitanaw:kêkâc-nêmitanaw	1
kekacnemitanaw:kêkâc-nêmitanaw	1
kêkâcnîsitanaw:kêkâc-nîsitanaw	1
kekacnisitanaw:kêkâc-nîsitanaw	1
kêkâctêpakohpomitanaw:kêkâc-têpakohpomitanaw	1
kekactepakohpomitanaw:kêkâc-têpakohpomitanaw	1
kêkâmitâtaht:kêkâ-mitâtaht	1
kekamitataht:kêkâ-mitâtaht	1
kêkâmitâtahtomitanaw:kêkâ-mitâtahtomitanaw	1
kekamitatahtomitanaw:kêkâ-mitâtahtomitanaw	1
kêkâmitâtahtomitanawâw:kêkâ-mitâtahtomitanawâw	1
kekamitatahtomitanawaw:kêkâ-mitâtahtomitanawâw	1
kêkâmitâtahtosâp:kêkâ-mitâtahtosâp	1
kekamitatahtosap:kêkâ-mitâtahtosâp	1
kêkâmitâtahtwâpisk:kêkâ-mitâtahtwâpisk	1
kekamitatahtwapisk:kêkâ-mitâtahtwâpisk	1
kêkâmitâtahtwâw:kêkâ-mitâtahtwâw	1
kekamitatahtwaw:kêkâ-mitâtahtwâw	1
kêkânistomitanaw:kêkâ-nistomitanaw	1
kekanistomitanaw:kêkâ-nistomitanaw	1
kêkânîsitanaw:kêkâ-nîsitanaw	1
kekanisitanaw:kêkâ-nîsitanaw	1
kêtahtaw:kêtahtawê	1
ketahtaw:kêtahtawê	1
kîtahtaw:kîtahtawê	1
kitahtaw:kîtahtawê	1
maht:mahti	1
miconi:mitoni	1
misawât:misawâc	1
misawat:misawâc	1
mistah:mistahi	1
miton:mitoni	1
mâcik:mâcika	1
macik:mâcika	1
mâk:mâka	1
mak:mâka	1
mân:mâna	1
man:mâna	1
mêkwât:mêkwâc	1
mekwat:mêkwâc	1
mêton:mêtoni	1
meton:mêtoni	1
mîn:mîna	1
min:mîna	1
mîskot:mîskoc	1
miskot:mîskoc	1
nam:nama	1
ohc:ohci	1
otâkosihk:otâkosîhk	1
otakosihk:otâkosîhk	1
pik:piko	1
pikw:piko	1
piskihc:piskihci	1
pâskat:pâskac	1
paskat:pâskac	1
pôt:pôti	1
pot:pôti	1
sapikw:sapiko	1
sôskwâ:sôskwâc	1
soskwa:sôskwâc	1
tahk:tahki	1
taht:tahto	1
tân'si:tânisi	1
tan'si:tânisi	1
tânis:tânisi	1
tanis:tânisi	1
tânsêsiwepan:tânisêsiwepan	1
tansesiwepan:tânisêsiwepan	1
tânêhk:tânêhki	1
tanehk:tânêhki	1
tâpw:tâpwê	1
tapw:tâpwê	1
âhkwâskam:âkwâskam	1
ahkwaskam:âkwâskam	1
âpisis:apisîs	1
apisis:apisîs	1
ââhâ:âha	1
aaha:âha	1
êcik:êcika	1
ecik:êcika	1
êkos:êkosi	1
ekos:êkosi	1
êkw:êkwa	1
ekw:êkwa	1
êkwatowahk:êkotowahk	1
ekwatowahk:êkotowahk	1
ês:êsa	1
es:êsa	1
êtik:êtikwê	1
etik:êtikwê	1
êtikw:êtikwê	1
etikw:êtikwê	1
êtok:êtokê	1
etok:êtokê	1
êtokw:êtokwê	1
etokw:êtokwê	1
êwak:êwako	1
ewak:êwako	1
êwakon:êwakoni	1
ewakon:êwakoni	1
îs:isi	1
is:isi	1
îskwayâc:iskwêyâc	1
iskwayac:iskwêyâc	1
ôm:ôma	1
om:ôma	1

