# Add complete words here as misspelling:correct followed by a TAB and the
# weight:
mān:māna	1
ēkos:ēkosi	1
ēkw:ēkwa	1
is:isi		1
īs:isi		1
moya:namōya	1
moy:namōya	1
mōya:namōya	1
mōy:namōya	1
asic:asici	1
cikēmō:cikēmā	1
cikemo:cikēmā	1
cēskw:cēskwa	1
ceskw:cēskwa	1
cīk:cīki	1
cik:cīki	1
iskw:iskwa	1
konic:konita	1
konit:konita	1
kāw:kāwi	1
kaw:kāwi	1
kēkisēpā:kīkisēpā	1
kekisepa:kīkisēpā	1
kēkācayinānēmitanaw:kēkāc-ayinānēmitanaw	1
kekacayinanemitanaw:kēkāc-ayinānēmitanaw	1
kēkāckēkāmitātahtomitanaw:kēkāc-kēkā-mitātahtomitanaw	1
kekackekamitatahtomitanaw:kēkāc-kēkā-mitātahtomitanaw	1
kēkācmitātaht:kēkāc-mitātaht				1
kekacmitataht:kēkāc-mitātaht				1
kēkācmitātahtomitanaw:kēkāc-mitātahtomitanaw		1
kekacmitatahtomitanaw:kēkāc-mitātahtomitanaw		1
kēkācnikotwāsomitanaw:kēkāc-nikotwāsomitanaw		1
kekacnikotwasomitanaw:kēkāc-nikotwāsomitanaw		1
kēkācnistomitanaw:kēkāc-nistomitanaw			1
kekacnistomitanaw:kēkāc-nistomitanaw			1
kēkācniyānanomitanaw:kēkāc-niyānanomitanaw		1
kekacniyananomitanaw:kēkāc-niyānanomitanaw		1
kēkācnēmitanaw:kēkāc-nēmitanaw				1
kekacnemitanaw:kēkāc-nēmitanaw				1
kēkācnīsitanaw:kēkāc-nīsitanaw				1
kekacnisitanaw:kēkāc-nīsitanaw				1
kēkāctēpakohpomitanaw:kēkāc-tēpakohpomitanaw		1
kekactepakohpomitanaw:kēkāc-tēpakohpomitanaw		1
kēkāmitātaht:kēkā-mitātaht				1
kekamitataht:kēkā-mitātaht				1
kēkāmitātahtomitanaw:kēkā-mitātahtomitanaw		1
kekamitatahtomitanaw:kēkā-mitātahtomitanaw		1
kēkāmitātahtomitanawāw:kēkā-mitātahtomitanawāw		1
kekamitatahtomitanawaw:kēkā-mitātahtomitanawāw		1
kēkāmitātahtosāp:kēkā-mitātahtosāp			1
kekamitatahtosap:kēkā-mitātahtosāp			1
kēkāmitātahtwāpisk:kēkā-mitātahtwāpisk			1
kekamitatahtwapisk:kēkā-mitātahtwāpisk			1
kēkāmitātahtwāw:kēkā-mitātahtwāw			1
kekamitatahtwaw:kēkā-mitātahtwāw			1
kēkānistomitanaw:kēkā-nistomitanaw			1
kekanistomitanaw:kēkā-nistomitanaw			1
kēkānīsitanaw:kēkā-nīsitanaw				1
kekanisitanaw:kēkā-nīsitanaw				1
kētahtaw:kētahtawē					1
ketahtaw:kētahtawē					1
kītahtaw:kītahtawē					1
kitahtaw:kītahtawē					1
maht:mahti						1
miconi:mitoni						1
misawāt:misawāc						1
misawat:misawāc						1
mistah:mistahi						1
miton:mitoni						1
mācik:mācika						1
macik:mācika						1
māk:māka						1
mak:māka						1
mān:māna						1
man:māna						1
mēkwāt:mēkwāc						1
mekwat:mēkwāc						1
mēton:mētoni						1
meton:mētoni						1
mīn:mīna						1
min:mīna						1
mīskot:mīskoc						1
miskot:mīskoc						1
nam:nama						1
ohc:ohci						1
otākosihk:otākosīhk					1
otakosihk:otākosīhk					1
pik:piko						1
pikw:piko						1
piskihc:piskihci					1
pāskat:pāskac						1
paskat:pāskac						1
pōt:pōti						1
pot:pōti						1
sapikw:sapiko						1
sōskwā:sōskwāc						1
soskwa:sōskwāc						1
tahk:tahki						1
taht:tahto						1
tān'si:tānisi						1
tan'si:tānisi						1
tānis:tānisi						1
tanis:tānisi						1
tānsēsiwepan:tānisēsiwepan				1
tansesiwepan:tānisēsiwepan				1
tānēhk:tānēhki						1
tanehk:tānēhki						1
tāpw:tāpwē						1
tapw:tāpwē						1
āhkwāskam:ākwāskam					1
ahkwaskam:ākwāskam					1
āpisis:apisīs						1
apisis:apisīs						1
āāhā:āha						1
aaha:āha						1
ēcik:ēcika						1
ecik:ēcika						1
ēkos:ēkosi						1
ekos:ēkosi						1
ēkw:ēkwa						1
ekw:ēkwa						1
ēkwatowahk:ēkotowahk					1
ekwatowahk:ēkotowahk					1
ēs:ēsa							1
es:ēsa							1
ētik:ētikwē						1
etik:ētikwē						1
ētikw:ētikwē						1
etikw:ētikwē						1
ētok:ētokē						1
etok:ētokē						1
ētokw:ētokwē						1
etokw:ētokwē						1
ēwak:ēwako						1
ewak:ēwako						1
ēwakon:ēwakoni						1
ewakon:ēwakoni						1
īs:isi							1
is:isi							1
īskwayāc:iskwēyāc					1
iskwayac:iskwēyāc					1
ōm:ōma							1
om:ōma							1

